,mean,std
logP,2.457164426409506,1.4346117661310043
qed,0.728271085434838,0.13957001586195925
sas,3.053086164956899,0.8347932594720124
